{
    "name" : "Sinappsus Eaglesnest WordPress Plugin",
    "slug" : "sinappsus-eaglesnest-wordpress-plugin",
    "version" : "0.0.1",
    "author"  : "Sinappsus",
    "author_uri" : "https://sinappsus.agency",
    "download_url" : "https://github.com/sinappsus-agency/teljoy-woocommerce/raw/main/teljoy-woocommerce-payment-gateway.zip",
    "sections" : {
        "description" : "The ENA Systems integration plugin.",
        "changelog": "0.0.1 Init"
    },
    "banners":{
        "low" : "https://krispykremesa.sinappsus.co.za/banner-772x250.png",
        "high" : "https://krispykremesa.sinappsus.co.za/banner-772x250.png"
    }
}